{
  "distance": 16.022716522216797,
  "elevation": 28.774490356445312,
  "azimuth": 48.020416259765625,
  "initial_distance": 15.0,
  "initial_elevation": 20.0,
  "initial_azimuth": 30.0
}